title,MAX(weeks_on_list)
ALL THE LIGHT WE CANNOT SEE,134
THE HELP,108
A DANCE WITH DRAGONS,86
THE NIGHTINGALE,82
GONE GIRL,80
THE GIRL ON THE TRAIN,79
THE GIRL WHO KICKED THE HORNET’S NEST,79
THE GOLDFINCH,60
THE HOST,59
A GENTLEMAN IN MOSCOW,58
BEFORE WE WERE YOURS,42
LITTLE FIRES EVERYWHERE,41
THE STORY OF EDGAR SAWTELLE,39
THE UNDERGROUND RAILROAD,37
GO SET A WATCHMAN,35
THE GUERNSEY LITERARY AND POTATO PEEL PIE SOCIETY,33
THE PARIS WIFE,31
THE LOST SYMBOL,29
INFERNO,29
THE INVENTION OF WINGS,27
THE HUSBAND'S SECRET,26
ORIGIN,24
AND THE MOUNTAINS ECHOED,24
SMALL GREAT THINGS,23
DEAD AND GONE,23
THE WOMAN IN THE WINDOW,23
THE LAST SONG,22
THE WHISTLER,22
SYCAMORE ROW,22
THE GIRL WHO PLAYED WITH FIRE,21
DOCTOR SLEEP,21
11/22/63,21
TWO BY TWO,21
AFTER YOU,21
ROGUE LAWYER,20
GRAY MOUNTAIN,20
THE ROOSTER BAR,19
THE WOMAN IN CABIN 10,19
FREEDOM,19
THE GREAT ALONE,18
THE CONFESSION,18
THE RACKETEER,18
ROOM,18
COMMONWEALTH,18
SEE ME,18
INTO THE WATER,17
THE BEST OF ME,17
THE NEST,17
THE LITIGATORS,16
THE LONGEST RIDE,16
LUCKIEST GIRL ALIVE,16
EDGE OF ETERNITY,15
SAFE HAVEN,15
BIG LITTLE LIES,15
THE TIME KEEPER,15
THE CASUAL VACANCY,15
CAMINO ISLAND,15
CALICO JOE,15
THE LUCKY ONE,15
THE FIRST PHONE CALL FROM HEAVEN,15
SOMEWHERE SAFE WITH SOMEBODY GOOD,15
STATE OF WONDER,15
A COLUMN OF FIRE,15
WINTER OF THE WORLD,14
LOVE THE ONE YOU'RE WITH,14
THE ASSOCIATE,14
FALL OF GIANTS,14
BEFORE THE FALL,14
SLEEPING BEAUTIES,14
NORSE MYTHOLOGY,14
DEATH COMES TO PEMBERLEY,13
THE ESCAPE,13
THE CHEMIST,13
DEAD OR ALIVE,13
SQUIRREL SEEKS CHIPMUNK,13
CROSS FIRE,13
THE CHRISTMAS SWEATER,13
A SPOOL OF BLUE THREAD,13
THE ROUND HOUSE,12
THE HOUR I FIRST BELIEVED,12
THE INNOCENT,12
THE MIDNIGHT LINE,12
THE GIRL IN THE SPIDER'S WEB,12
THE BOSTON GIRL,12
THE FALLEN,12
A MEMORY OF LIGHT,12
LEAVING TIME,12
NIGHT SCHOOL,11
END GAME,11
THE LAND OF PAINTED CAVES,11
THE BAZAAR OF BAD DREAMS,11
CHASING HARRY WINSTON,11
THE WRONG SIDE OF GOODBYE,11
MY NAME IS LUCY BARTON,11
THE GIRLS,11
HOPE TO DIE,11
SCARPETTA,11
CROSS ROADS,11
THE CUCKOO'S CALLING,11
CROSS COUNTRY,11
A MERCY,11
PERSONAL,10
FORD COUNTY,10
S.,10
UNCOMMON TYPE,10
MEMORY MAN,10
THE SILKWORM,10
WRITTEN IN MY OWN HEART'S BLOOD,10
HELL'S CORNER,10
KILL SHOT,10
TENTH OF DECEMBER,10
DEAD IN THE FAMILY,10
DIVINE JUSTICE,10
REVIVAL,10
CROSS THE LINE,10
THE WIFE BETWEEN US,10
AN AMERICAN MARRIAGE,10
THE OCEAN AT THE END OF THE LANE,10
A KNIGHT OF THE SEVEN KINGDOMS,10
DEAD RECKONING,10
THE LAST MILE,10
PURSUIT OF HONOR,10
NO MAN'S LAND,10
THE PEOPLE VS. ALEX CROSS,10
FINDERS KEEPERS,10
MR. MERCEDES,10
HANDLE WITH CARE,10
SHANGHAI GIRLS,10
THE GUILTY,10
THE TWELVE TRIBES OF HATTIE,10
THE FORGOTTEN,10
THE FIX,10
1Q84,9
THE ART OF FIELDING,9
"UNDER THE DOME, PART 1",9
FIRST FAMILY,9
THE MAGIC STRINGS OF FRANKIE PRESTO,9
TWO KINDS OF TRUTH,9
TRUE BLUE,9
SOUTH OF BROAD,9
THE BURNING ROOM,9
SAIL,9
NOW YOU SEE HER,9
CROSS MY HEART,9
THE HIT,9
BAD MONKEY,9
END OF WATCH,9
THE FIFTH WITNESS,9
FATES AND FURIES,9
DEFENDING JACOB,9
THE GODS OF GUILT,9
THE GATE HOUSE,9
HOUSE RULES,9
COMMAND AUTHORITY,9
A WEEK IN WINTER,9
PRINCE LESTAT,9
SING YOU HOME,9
ARTEMIS,9
RUN FOR YOUR LIFE,9
KILL ALEX CROSS,9
THE TARGET,9
THE GATHERING STORM,8
SIZZLING SIXTEEN,8
STATION ELEVEN,8
THE SIXTH MAN,8
BRING UP THE BODIES,8
THE DINNER,8
THE MARRIAGE PLOT,8
SMOKIN’ SEVENTEEN,8
LINCOLN IN THE BARDO,8
MATTERHORN,8
THE LAST MAN,8
ONE SUMMER,8
"ALEX CROSS, RUN",8
"FULL DARK, NO STARS",8
THE RUMOR,8
"MERRY CHRISTMAS, ALEX CROSS",8
JUST AFTER SUNSET,8
WORST CASE,8
TICK TOCK,8
SHADOW OF NIGHT,8
SUNDAYS AT TIFFANY’S,8
11TH HOUR,8
THE LION,8
THE WIND THROUGH THE KEYHOLE,8
THE LACUNA,8
LIFE AFTER LIFE,8
THE 8TH CONFESSION,8
FLIGHT BEHAVIOR,8
WHAT THE NIGHT KNOWS,8
THE GIRL WHO TAKES AN EYE FOR AN EYE,8
10TH ANNIVERSARY,8
IN THE UNLIKELY EVENT,8
THE STORYTELLER,8
AMERICAN ASSASSIN,8
HALF BROKE HORSES,8
THE IDENTICALS,8
TRULY MADLY GUILTY,8
A DISCOVERY OF WITCHES,8
THE PASSAGE,8
SWIMSUIT,8
THE LIGHT BETWEEN OCEANS,8
PRIVATE: #1 SUSPECT,8
"SING, UNBURIED, SING",8
THE BOURNE SANCTION,7
TOWERS OF MIDNIGHT,7
STILL LIFE WITH BREAD CRUMBS,7
KING AND MAXWELL,7
FLESH AND BLOOD,7
COLORLESS TSUKURU TAZAKI AND HIS YEARS OF PILGRIMAGE,7
STAR ISLAND,7
INVISIBLE,7
CIRCLING THE SUN,7
DRAGON TEETH,7
THE MISTRESS,7
THE BOOK OF LIFE,7
THE GIRL BEFORE,7
THE VALLEY OF AMAZEMENT,7
WHERE WE BELONG,7
THE ENGLISH SPY,7
JUST TAKE MY HEART,7
THE CHRISTMAS WEDDING,7
PRIVATE GAMES,7
THE AFFAIR,7
THAT OLD CAPE MAGIC,7
CANADA,7
STILL ME,7
FINGER LICKIN’ FIFTEEN,7
I’LL WALK ALONE,7
THE NIGHT CIRCUS,7
HOME,7
INNOCENT,7
BLACK OPS,7
PORT MORTUARY,7
THE BLACK BOOK,7
THE CROSSING,7
MAKE ME,7
PLUM SPOOKY,7
THE 9TH JUDGMENT,7
U IS FOR UNDERTOW,7
TRICKY TWENTY-TWO,7
AT THE WATER'S EDGE,7
FEARLESS FOURTEEN,7
THE ENGLISH GIRL,7
PIRATE LATITUDES,7
UNLUCKY 13,7
THREAT VECTOR,7
THE 17TH SUSPECT,7
LOCKED ON,7
ABRAHAM LINCOLN: VAMPIRE HUNTER,7
THE LITTLE PARIS BOOKSHOP,7
CROSS JUSTICE,7
ZERO DAY,7
LILA,7
16TH SEDUCTION,7
LONE WOLF,7
NOTORIOUS NINETEEN,7
TAKEDOWN TWENTY,7
NEVER GO BACK,7
MISSING YOU,7
NEVER NEVER,7
BEST FRIENDS FOREVER,7
THE BLACK WIDOW,7
TOP SECRET TWENTY-ONE,7
MANHATTAN BEACH,7
THE IMMORTALISTS,7
THE LATE SHOW,7
TURBO TWENTY-THREE,7
THE OUTSIDER,7
THE OVERTON WINDOW,7
AGAINST ALL ENEMIES,7
14TH DEADLY SIN,7
EXPLOSIVE EIGHTEEN,7
15TH AFFAIR,7
ARCTIC DRIFT,6
A LEGACY OF SPIES,6
ZOO,6
PORTRAIT OF A SPY,6
ODD HOURS,6
SECOND HONEYMOON,6
FIRST COMES LOVE,6
THE SECRET PLACE,6
GOLDEN PREY,6
ALEX CROSS’S ‘TRIAL’,6
THE SECRET SERVANT,6
GETTING TO HAPPY,6
GOD HELP THE CHILD,6
THE FALLEN ANGEL,6
THE INNER CIRCLE,6
THE ELEVENTH VICTIM,6
THE WIDOW,6
RAZOR GIRL,6
THE BONE CLOCKS,6
THE LAST PATRIOT,6
THE STRANGER,6
MICRO,6
THE WOLF GIFT,6
NATCHEZ BURNING,6
THE DROP,6
ONE FIFTH AVENUE,6
TEA TIME FOR THE TRADITIONALLY BUILT,6
HEART OF THE MATTER,6
FRIENDS FOREVER,6
THE BURIED GIANT,6
THE SWANS OF FIFTH AVENUE,6
61 HOURS,6
THE SNOW ANGEL,6
THE WOMEN IN THE CASTLE,6
EXTREME MEASURES,6
CODE OF CONDUCT,6
X,6
THE SCARECROW,6
THE BEACH HOUSE,6
THE PANTHER,6
I'VE GOT MY EYES ON YOU,6
12TH OF NEVER,6
GUILTY WIVES,6
NO MIDDLE NAME,6
DEADLINE,6
ONE MORE THING,6
WHISKEY BEACH,6
SHELTER IN PLACE,6
THE SEARCH,6
DEADLOCKED,6
THE CUBAN AFFAIR,6
THE BRASS VERDICT,6
DELIVER US FROM EVIL,6
THE PRIVATE PATIENT,6
THE SHOEMAKER’S WIFE,6
WORDS OF RADIANCE,6
TRIBUTE,6
THIS IS HOW YOU LOSE HER,6
THE ONE AND ONLY,6
STOLEN PREY,6
I'VE GOT YOU UNDER MY SKIN,6
V IS FOR VENGEANCE,6
THE LYING GAME,6
MISSION TO PARIS,6
BLACK LIST,6
MISTRESS,6
FROM DEAD TO WORSE,6
HARDCORE TWENTY-FOUR,6
FLY AWAY HOME,6
THE SUMMER BEFORE THE WAR,6
HERE'S TO US,6
FOOL ME ONCE,6
MOONGLOW,6
WOLF HALL,6
THE POSTCARD KILLERS,6
HAUNTED,6
WILLIAM SHAKESPEARE'S STAR WARS,6
Y IS FOR YESTERDAY,6
THE BURGESS BOYS,6
SIX YEARS,6
THE HEIST,6
THE FORCE AWAKENS,6
"I, MICHAEL BENNETT",6
THE SURVIVOR,6
THE MURDER HOUSE,6
"ALL BY MYSELF, ALONE",6
EXTREME PREY,6
PRIVATE BERLIN,6
THE DEATH OF MRS. WESTAWAY,6
MURDER GAMES,6
BURIED PREY,6
IDENTICAL,6
A WANTED MAN,6
THE SCARPETTA FACTOR,6
HEART AND SOUL,6
"I, SNIPER",6
RADIANT ANGEL,6
TOYS,6
THE OTHER QUEEN,6
DADDY'S GONE A HUNTING,6
NYPD RED 4,6
HOUSE OF SPIES,6
TOM CLANCY TRUE FAITH AND ALLEGIANCE,6
THE REMBRANDT AFFAIR,6
THE BLACK BOX,6
CRESCENT DAWN,6
BE CAREFUL WHAT YOU WISH FOR,6
THE SHADOW OF YOUR SMILE,6
TOM CLANCY: POINT OF CONTACT,6
NYPD RED 2,6
FULL BLACK,6
PRIVATE VEGAS,6
THE FIFTH GOSPEL,6
THE LOST YEARS,6
THE WHOLE TRUTH,6
LONG LOST,5
THE HURRICANE SISTERS,5
YOUR HEART BELONGS TO ME,5
HIDDEN ORDER,5
COME SUNDOWN,5
THE DISAPPEARED,5
CHASING FIRE,5
THE DUCHESS,5
THE FEMALE PERSUASION,5
TESTIMONY,5
THE SON,5
NOTHING TO LOSE,5
WHEN LIFE GIVES YOU LULULEMONS,5
STRATEGIC MOVES,5
SACRÉ BLEU,5
SPARTAN GOLD,5
THE SILENT CORNER,5
GHOST STORY,5
MISSISSIPPI BLOOD,5
PROMISES IN DEATH,5
USE OF FORCE,5
THE SILENT SEA,5
COLD VENGEANCE,5
THE BONE TREE,5
THE ART OF RACING IN THE RAIN,5
NIGHT AND DAY,5
TOM CLANCY FULL FORCE AND EFFECT,5
THE FIFTH ASSASSIN,5
FOOL,5
THE WEEKENDERS,5
THE LUMINARIES,5
RAYLAN,5
DON’T BLINK,5
PRIVATE PARIS,5
RED MIST,5
SPLIT IMAGE,5
THE ESCAPE ARTIST,5
TWISTED PREY,5
THE COLLECTOR,5
FIND HER,5
THE VACATIONERS,5
THE SILVER STAR,5
THE LACE READER,5
DEAD EVER AFTER,5
ACT OF WAR,5
THE LIAR,5
THE JEFFERSON KEY,5
SOMETHING IN THE WATER,5
LOVER MINE,5
THE DOOMSDAY KEY,5
BULLSEYE,5
THE CHILDREN ACT,5
GONE TOMORROW,5
WINTER GARDEN,5
HOME FRONT,5
WORTH DYING FOR,5
HEAT LIGHTNING,5
THE GAMES,5
SUSPECT,5
TOM CLANCY: COMMANDER IN CHIEF,5
THE SWAN THIEVES,5
SIXKILL,5
THE BOOK OF LIES,5
CALEB'S CROSSING,5
SILKEN PREY,5
BEST KEPT SECRET,5
AN OBJECT OF BEAUTY,5
PHANTOM PREY,5
FIRST LOVE,5
A GREAT RECKONING,5
SHOCK WAVE,5
THE OBSESSION,5
GATHERING PREY,5
NINE DRAGONS,5
AMERICAN WIFE,5
THE LOWLAND,5
AGENDA 21,5
CORSAIR,5
YEAR ONE,5
TOM CLANCY POWER AND EMPIRE,5
ASHLEY BELL,5
CHESTNUT STREET,5
ENEMY OF THE STATE,5
PRIVATE L.A.,5
ODD APOCALYPSE,5
KILL ME IF YOU CAN,5
NYPD RED 3,5
BURN,5
THE GLASS RAINBOW,5
HEAT WAVE,5
THE SENTRY,5
BREATHLESS,5
NYPD RED,5
44 CHARLES STREET,5
ANYTHING IS POSSIBLE,5
TELEGRAPH AVENUE,5
THE WHITE QUEEN,5
THE SENSE OF AN ENDING,5
MAINE,5
ALERT,5
SAINT ODD,5
FOREIGN AGENT,5
THE ANGEL'S GAME,5
GONE,5
THE WITNESS,5
WICKED BUSINESS,5
IN THE COMPANY OF OTHERS,5
AS TIME GOES BY,5
TRUTH OR DIE,5
VINCE FLYNN: ORDER TO KILL,5
WE ARE WATER,5
THE LIMPOPO ACADEMY OF PRIVATE DETECTION,5
TOM CLANCY: SUPPORT AND DEFEND,5
ECHOES IN DEATH,5
W IS FOR WASTED,5
THE QUEST,5
KISSER,5
ROSES,5
BLUE,5
SMOKE SCREEN,5
FIRST SIGHT,5
THE PAYING GUESTS,5
WICKED PREY,5
PURITY,5
AN ECHO IN THE BONE,5
DON'T LET GO,5
THE GIRL WITH THE DRAGON TATTOO,5
THE PRESIDENT IS MISSING,5
STAY CLOSE,5
THE WHITES,5
THE PHYSICK BOOK OF DELIVERANCE DANE,5
FIELD OF PREY,5
REDEPLOYMENT,5
BETRAYAL,5
ALL FALL DOWN,5
TRIGGER WARNING,5
THERE THERE,5
THE RED QUEEN,5
CAUGHT,5
THE BONE BED,5
THE SIGNATURE OF ALL THINGS,5
SWEETBITTER,5
BLACK HILLS,5
BACKFIRE,4
STORM FRONT,4
AGINCOURT,4
DARK IN DEATH,4
THE REVERSAL,4
THE PRESIDENT'S SHADOW,4
THE STORE,4
BLUE LABYRINTH,4
I'VE GOT YOUR NUMBER,4
NEW YORK TO DALLAS,4
CAREER OF EVIL,4
BLOOD NOIR,4
THE DEVIL COLONY,4
THE ASSASSIN,4
ANY DREAM WILL DO,4
TOM CLANCY UNDER FIRE,4
AGAINST ALL ODDS,4
THE INN AT ROSE HARBOR,4
TAILSPIN,4
"HUMANS, BOW DOWN",4
THE CHARLEMAGNE PURSUIT,4
THIS BODY OF DEATH,4
THE WOLF AT THE DOOR,4
WOMAN OF GOD,4
TWENTY WISHES,4
SEEING RED,4
1225 CHRISTMAS TREE LANE,4
FLIRT,4
DEVIL BONES,4
THE ALL-GIRL FILLING STATION'S LAST REUNION,4
UNTIL THE END OF TIME,4
PYGMY,4
THE DEFECTOR,4
PARIS,4
FAIRYTALE,4
THE THIRD GATE,4
THE HELLFIRE CLUB,4
OUR SOULS AT NIGHT,4
MRS. FLETCHER,4
STING,4
THE RACE,4
DECEPTION,4
TERMINAL FREEZE,4
SOME LUCK,4
ONE DAY AT A TIME,4
THE STRIKER,4
THE ROAD TO GRACE,4
THREE SECONDS,4
THE OUTLAWS,4
ESCAPE CLAUSE,4
THE CINDERELLA MURDER,4
ADULTERY,4
THE INTERESTINGS,4
WARLIGHT,4
MILLER'S VALLEY,4
THE TOMBS,4
MEDUSA,4
THE GANGSTER,4
A PERFECT LIFE,4
POOR LITTLE BITCH GIRL,4
206 BONES,4
A TOUCH OF DEAD,4
THE COBRA,4
THE NEXT BEST THING,4
TRUE DETECTIVES,4
BIG GIRL,4
"SAME BEACH, NEXT YEAR",4
KNOCKOUT,4
PORCH LIGHTS,4
LETHAL,4
DAMASCUS COUNTDOWN,4
DANGEROUS GAMES,4
RUSHING WATERS,4
FALL FROM GRACE,4
THE SLOW REGARD OF SILENT THINGS,4
IN ONE PERSON,4
SILVER GIRL,4
MAD RIVER,4
THE GIVEN DAY,4
ELIGIBLE,4
A CEDAR COVE CHRISTMAS,4
TREACHERY IN DEATH,4
THE FINAL STORM,4
CALCULATED IN DEATH,4
KEEP QUIET,4
TOUCH AND GO,4
CEMETERY DANCE,4
THE DOUBLE COMFORT SAFARI CLUB,4
THE THIRD BULLET,4
THE STORM,4
LOOK FOR ME,4
THE PALE KING,4
SHADOWFEVER,4
THE LAST ORIGINAL WIFE,4
A MOST WANTED MAN,4
EVERYBODY'S FOOL,4
LOST EMPIRE,4
DEEPER THAN THE DEAD,4
EXIT WEST,4
A DEEPER LOVE INSIDE,4
THE HIGH TIDE CLUB,4
THE BOOTLEGGER,4
FIFTY FIFTY,4
FOLLY BEACH,4
THE CIRCLE,4
COME RAIN OR COME SHINE,4
COMETH THE HOUR,4
THE PATRIOT THREAT,4
BELIEVING THE LIE,4
THE MISTLETOE PROMISE,4
BEAUTIFUL RUINS,4
ACHERON,4
SAVE ME,4
CIRCE,4
THE RIGHT TIME,4
CARNAL CURIOSITY,4
A PIECE OF THE WORLD,4
EVERY FIFTEEN MINUTES,4
THE CUTTHROAT,4
THE DOVEKEEPERS,4
"WHITE WITCH, BLACK CURSE",4
ANGELOLOGY,4
REVENGE WEARS PRADA,4
THE THIEF,4
THEN CAME YOU,4
HEARTBREAK HOTEL,4
THE TEA GIRL OF HUMMINGBIRD LANE,4
THE SNOWMAN,4
"THREE SISTERS, THREE QUEENS",4
SEVENEVES,4
DUST,4
THE BOURNE DECEPTION,4
OFF SEASON,4
THE POSTMISTRESS,4
LOW PRESSURE,4
FOREIGN INFLUENCE,4
BAD BLOOD,4
A BLAZE OF GLORY,4
MIGHTIER THAN THE SWORD,4
THE MARTIAN,4
THE SECRET KEEPER,4
A DELICATE TRUTH,4
CHANGES,4
LOITERING WITH INTENT,4
VICTIMS,4
TODAY WILL BE DIFFERENT,4
ONE PERFECT LIE,4
APPRENTICE IN DEATH,4
THE LOST ISLAND,4
INSATIABLE APPETITES,4
TOM CLANCY: DUTY AND HONOR,4
TOUGH CUSTOMER,4
THE FIRST RULE,4
OFF THE GRID,4
THE IMPERFECTIONISTS,4
THE TIGER’S WIFE,4
ANATHEM,4
KISS CARLO,4
THE FORCE UNLEASHED,4
THE SPY,4
NOAH’S COMPASS,4
CITY OF ENDLESS NIGHT,4
CELEBRITY IN DEATH,4
ENDANGERED,4
BELOW THE BELT,4
SKIN GAME,4
MAGIC,4
BONE CROSSED,4
INNOCENCE,4
THE DEVIL’S PUNCHBOWL,4
FIRE AND ICE,4
SMASH CUT,4
TO BE WHERE YOU ARE,4
BROTHERHOOD IN DEATH,4
THE MATCHMAKER,4
DARK MATTER,4
THE APOSTLE,4
THE MINISTRY OF UTMOST HAPPINESS,4
KILLER,4
RELENTLESS,4
LILAC GIRLS,4
TAKEN,4
CONCEALED IN DEATH,4
POWER PLAY,4
PLAGUE SHIP,4
PRODIGAL SON,4
THE BROKEN WINDOW,4
STANDUP GUY,4
IMPACT,4
ROUGH COUNTRY,4
WALKING ON WATER,4
SCANDALOUS BEHAVIOR,4
TOM CLANCY LINE OF SIGHT,4
EVERY LAST ONE,4
THE JUNGLE,4
A LION AMONG MEN,4
FLASH AND BONES,4
THE TRESPASSER,4
DEEP FREEZE,4
HERE I AM,4
CARELESS IN RED,4
STORM PREY,4
LIVE WIRE,4
MOUNTING FEARS,3
THE CITY OF MIRRORS,3
A WINTER DREAM,3
THE WRECKER,3
BLOSSOM STREET BRIDES,3
A BAXTER FAMILY CHRISTMAS,3
LAST TO DIE,3
FATALLY FLAKY,3
THE SOLOMON CURSE,3
THE PERFECT COUPLE,3
WHO DO YOU LOVE,3
THE BITTER SEASON,3
THANKLESS IN DEATH,3
DARK CURSE,3
LAROSE,3
A TURN IN THE ROAD,3
WHAT I DID FOR LOVE,3
THE HOUSE OF SECRETS,3
FATE OF THE JEDI: APOCALYPSE,3
INSIDIOUS,3
THE VIGILANTES,3
ANGELS AT THE TABLE,3
THE WHOLE TOWN'S TALKING,3
DANGEROUS MINDS,3
TURN COAT,3
EVER AFTER,3
MIDNIGHT IN EUROPE,3
FAMILY TIES,3
NOS4A2,3
THE FATEFUL LIGHTNING,3
THE GARGOYLE,3
LOVER REBORN,3
THE LAST ORACLE,3
LOVER AVENGED,3
STAR WARS: AFTERMATH,3
SPLIT SECOND,3
THE WEIRD SISTERS,3
HER FEARFUL SYMMETRY,3
THE EMPEROR'S REVENGE,3
OUR KIND OF TRAITOR,3
ROBERT B. PARKER’S KILLING THE BLUES,3
CATCH ME,3
TSAR,3
SINCE WE FELL,3
TYPHOON FURY,3
ALL SUMMER LONG,3
THE SATURDAY BIG TENT WEDDING PARTY,3
THE OMEN MACHINE,3
VICTORY AND HONOR,3
BEACH TOWN,3
THE CROOKED STAIRCASE,3
THE OBSIDIAN CHAMBER,3
NIGHT FILM,3
THE BEGINNER’S GOODBYE,3
MRS. LINCOLN'S DRESSMAKER,3
THE MELODY LINGERS ON,3
PATHS OF GLORY,3
WHIPLASH,3
WHITE FIRE,3
FATAL ERROR,3
THE STORIED LIFE OF A. J. FIKRY,3
VICIOUS CIRCLE,3
HAPPY BIRTHDAY,3
ROBICHEAUX,3
BY INVITATION ONLY,3
THE KINGDOM,3
HOMER & LANGLEY,3
I'D KNOW YOU ANYWHERE,3
77 SHADOW STREET,3
THE APARTMENT,3
MINDING FRANKIE,3
ODESSA SEA,3
SUMMERLAND,3
LOVER UNLEASHED,3
DEVIL MAY CARE,3
DEEP SHADOW,3
INDULGENCE IN DEATH,3
OATHBRINGER,3
HANNAH'S LIST,3
THE LOST ORDER,3
DEVIL’S GATE,3
THE THOUSAND AUTUMNS OF JACOB DE ZOET,3
THE NATURE OF THE BEAST,3
THE BONE SEASON,3
BONES,3
THE STEEL KISS,3
SILKS,3
SALVATION IN DEATH,3
TWO FROM THE HEART,3
INVINCIBLE,3
SUMMER RENTAL,3
SPIDER BONES,3
THE SINS OF THE MOTHER,3
ROUGH WEATHER,3
THE THREE WEISSMANNS OF WESTPORT,3
IF NOT FOR YOU,3
THE DAYS OF ANNA MADRIGAL,3
PARADISE VALLEY,3
THE HONOR OF SPIES,3
FAEFEVER,3
NO MERCY,3
DREAMS OF JOY,3
THE WALK,3
TWO GRAVES,3
A GATE AT THE STAIRS,3
FANTASY IN DEATH,3
PIRANHA,3
COME HOME,3
THE 6TH EXTINCTION,3
CREOLE BELLE,3
ACCIDENTAL HEROES,3
THE FORGOTTEN ROOM,3
DARK SLAYER,3
APE HOUSE,3
SILVER LININGS,3
FROG MUSIC,3
RIGHT BEHIND YOU,3
THE RISING SEA,3
FEVER DREAM,3
THE KINGMAKER’S DAUGHTER,3
DEPRAVED HEART,3
UNINTENDED CONSEQUENCES,3
FRICTION,3
THE FRONT,3
POSEIDON'S ARROW,3
HOT MAHOGANY,3
JOURNEY TO MUNICH,3
ASSEGAI,3
UNDER THE WIDE AND STARRY SKY,3
SKIN TRADE,3
ICE COLD,3
THE CHASE,3
"BRAVA, VALENTINE",3
THE GRAY GHOST,3
SILVER BORNE,3
2030,3
FOREIGN BODY,3
FLY AWAY,3
CRASH AND BURN,3
THE IDEAL MAN,3
TRUE COLORS,3
BREAKING POINT,3
DEATH OF KINGS,3
FIRST FROST,3
CURIOUS MINDS,3
MIRAGE,3
THE MARS ROOM,3
MY ABSOLUTE DARLING,3
STARTING NOW,3
NIGHT BROKEN,3
FESTIVE IN DEATH,3
JUST TOO GOOD TO BE TRUE,3
STONE COLD,3
THE WISE MAN'S FEAR,3
ROAD DOGS,3
LAST NIGHT IN TWISTED RIVER,3
AN OFFICER AND A SPY,3
SUPER SAD TRUE LOVE STORY,3
BELGRAVIA,3
A GIRL'S GUIDE TO MOVING ON,3
ROGUE,3
CRIMINAL,3
THE HANDSOME MAN'S DE LUXE CAFÉ,3
MIRACLE AT AUGUSTA,3
THE BOURNE OBJECTIVE,3
RIVER MARKED,3
SISTERHOOD EVERLASTING,3
BLACK MAGIC SANCTION,3
OBSESSION IN DEATH,3
KINDRED IN DEATH,3
BEL-AIR DEAD,3
THE MAN FROM BEIJING,3
Z,3
A DARKER PLACE,3
THE KING,3
GLASS HOUSES,3
GUILT,3
LOST DECEMBER,3
RED ALERT,3
ARMADA,3
SECRETS TO THE GRAVE,3
THE MARRIAGE OF OPPOSITES,3
ALL THE SINGLE LADIES,3
THE PUNISHMENT SHE DESERVES,3
RETURN TO SULLIVANS ISLAND,3
THE EXPATS,3
AIMLESS LOVE,3
THE DEVIL'S TRIANGLE,3
FROST BURNED,3
UNNATURAL ACTS,3
CHAOS,3
ZERO HOUR,3
THINK TWICE,3
THE MERCEDES COFFIN,3
DON'T GO,3
COLD COLD HEART,3
BEHIND CLOSED DOORS,3
ONLY TIME WILL TELL,3
WE ARE NOT OURSELVES,3
AFTER ANNA,3
SECRETS IN DEATH,3
BLOCKADE BILLY,3
THRAWN,3
SON OF STONE,3
RAIN GODS,3
ROBERT B. PARKER’S LULLABY,3
OUTCAST,3
LAST ONE HOME,3
THE MAYAN SECRETS,3
LIGHT OF THE WORLD,3
SWAN PEAK,3
THE GOOD DAUGHTER,3
THE LAST KIND WORDS SALOON,3
HAVANA STORM,3
NIGHTHAWK,3
LOVE IN A NUTSHELL,3
TWENTIES GIRL,3
THE PROFESSIONAL,3
NIGHTWOODS,3
PROPERTY OF A NOBLEWOMAN,3
NUTSHELL,3
THE FIRST BAD MAN,3
DEAD SILENCE,3
THE EYE OF HEAVEN,3
BREAKDOWN,3
MEAN STREAK,3
PIRATE,3
BACK TO BLOOD,3
VAMPIRES IN THE LEMON GROVE,3
VERY VALENTINE,3
OUT OF OZ,3
MANUSCRIPT FOUND IN ACCRA,3
BOMBSHELL,3
HOTEL VENDOME,3
SUMMER ON BLOSSOM STREET,3
COLLATERAL DAMAGE,3
CARTE BLANCHE,3
HOW THE LIGHT GETS IN,3
SEVEN STONES TO STAND OR FALL,3
THE EYE OF GOD,3
THE GYPSY MORPH,3
MOST WANTED,3
GWENDY'S BUTTON BOX,3
ISLAND BENEATH THE SEA,3
BEAUTIFUL DAY,3
THE CAST,3
WORLD GONE BY,3
THE NIX,3
THE TWELVE,3
THE SINS OF THE FATHER,3
WICKED APPETITE,3
HEAT RISES,3
DEEPLY ODD,3
ROGUE ONE: A STAR WARS STORY,3
THE 14TH COLONY,3
SNUFF,3
NEMESIS,3
SWAMPLANDIA!,3
GHOST SHIP,3
BLOODLINE,3
THE SANDCASTLE GIRLS,3
DELUSION IN DEATH,3
THE ROMANOV RANSOM,3
A PERFECT BLOOD,3
LOOK AGAIN,3
COUNTRY,3
TWO YEARS EIGHT MONTHS AND TWENTY-EIGHT NIGHTS,2
THE BURNING LAND,2
SHOOT FIRST,2
THE EYE OF MOLOCH,2
REAMDE,2
SHATTERED,2
ASCENSION,2
KISS THE DEAD,2
STAR WARS: THE LAST JEDI,2
SWING TIME,2
ZERO HISTORY,2
LEGACY,2
BEATRICE AND VIRGIL,2
HORNS,2
EIGHT DAYS TO LIVE,2
RETRIBUTION,2
LOVE YOU MORE,2
FAMILY JEWELS,2
LIVE BY NIGHT,2
SAY GOODBYE,2
THE SOOKIE STACKHOUSE COMPANION,2
THE COUNTERFEIT AGENT,2
CUBA STRAITS,2
THE PERFECT MOTHER,2
TWELVE DAYS,2
MIDNIGHT,2
COLD DAYS,2
PALE DEMON,2
THREE STATIONS,2
ALEPH,2
MARRIED LOVERS,2
THE FAMILY CORLEONE,2
THE THIRD KINGDOM,2
THE FEAR INDEX,2
DARK PREDATOR,2
THE IMMORTAL NICHOLAS,2
SHADOW OF POWER,2
THE CARTEL,2
NIGHT VISION,2
THE BOURNE DOMINION,2
CROSSFIRE,2
LOVER AT LAST,2
MUNICH,2
THE MURDERER'S DAUGHTER,2
THE CASTAWAYS,2
NEVERWINTER,2
LUCID INTERVALS,2
BITE ME,2
DARK PERIL,2
THE TAMING OF THE QUEEN,2
BRIDGET JONES: MAD ABOUT THE BOY,2
A CHAIN OF THUNDER,2
THE WHOLE ENCHILADA,2
UNDERCOVER,2
CHARON'S CLAW,2
SIDE JOBS,2
THE FINAL CUT,2
THE MUSEUM OF EXTRAORDINARY THINGS,2
ROSE HARBOR IN BLOOM,2
DAMNED,2
STYXX,2
SPEAKING IN BONES,2
ACCUSED,2
THE SERPENT OF VENICE,2
THE SMOKE AT DAWN,2
LAST NIGHT AT CHATEAU MARMONT,2
BONES NEVER LIE,2
BROKEN HARBOR,2
WELCOME TO NIGHT VALE,2
THE BISHOP'S PAWN,2
THE WOMEN,2
THE MEASURE OF THE MAGIC,2
WAYFARING STRANGER,2
THE SCAM,2
BEAUTIFUL YOU,2
RULES OF CIVILITY,2
BEARERS OF THE BLACK STAFF (LEGENDS OF SHANNARA),2
DRY BONES,2
THE CLONE WARS,2
FAST AND LOOSE,2
THE RULES OF MAGIC,2
WARRIORS OF THE STORM,2
WILLIAM SHAKESPEARE'S THE EMPIRE STRIKETH BACK,2
HOT PURSUIT,2
LEAVING EVERYTHING MOST LOVED,2
SNIPER'S HONOR,2
THE SECRET SOLDIER,2
EXPOSED,2
FUNNY GIRL,2
THE PIRATE KING,2
CRIMSON SHORE,2
CRIME SCENE,2
MYSTERY,2
THE ROPE,2
THE DOG STARS,2
RULES OF DECEPTION,2
THE COMPANIONS,2
THE LIFEBOAT,2
DASHING THROUGH THE SNOW,2
THE COLUMBUS AFFAIR,2
DEXTER BY DESIGN,2
FORCE OF NATURE,2
THE MAGICIAN'S LAND,2
THE LIGHT IN THE RUINS,2
EVE,2
BEYOND THE ICE LIMIT,2
THE RED GARDEN,2
SWALLOWING DARKNESS,2
MADDADDAM,2
KINSEY AND ME,2
THE TWELFTH IMAM,2
THE MIDNIGHT HOUSE,2
WEDDING NIGHT,2
TRANSATLANTIC,2
A HEARTBEAT AWAY,2
A DOG'S WAY HOME,2
THE FLIGHT ATTENDANT,2
ABUSE OF POWER,2
THE SKIN COLLECTOR,2
THE KILL ROOM,2
PRINCE LESTAT AND THE REALMS OF ATLANTIS,2
LOST LAKE,2
BEARTOWN,2
A GOD IN RUINS,2
GIDEON’S CORPSE,2
A BANQUET OF CONSEQUENCES,2
THE KEEPSAKE,2
INDIGNATION,2
FAIR GAME,2
CUT AND THRUST,2
EVIDENCE,2
INSIDE THE O'BRIENS,2
PHANTOM,2
POLICE,2
LOWCOUNTRY SUMMER,2
THE GUEST ROOM,2
DEEP BLUE,2
WINTER STREET,2
MY NOT SO PERFECT LIFE,2
HAZARDOUS DUTY,2
MATTERS OF THE HEART,2
"SEX, LIES  AND SERIOUS MONEY",2
THE FORCE,2
THE END GAME,2
INHERENT VICE,2
LADIES' NIGHT,2
THE EMPTY THRONE,2
THE SPYMASTERS,2
I STILL DREAM ABOUT YOU,2
BLOOD ON SNOW,2
IN THIS GRAVE HOUR,2
FEAST DAY OF FOOLS,2
INSANE CITY,2
ROBERT B. PARKER'S FOOL ME TWICE,2
THE MISTLETOE INN,2
MORNING STAR,2
WICKED CHARMS,2
ONE PLUS ONE,2
THE LAST DAYS OF NIGHT,2
THE AERONAUT'S WINDLASS,2
SIZZLE,2
THE PERFECT POISON,2
FEAR NOTHING,2
A FEW OF THE GIRLS,2
THE KING'S DECEPTION,2
THE BEAUTIFUL MYSTERY,2
BEAT THE REAPER,2
AFTERMATH:: EMPIRE'S END,2
EMPIRE AND HONOR,2
EVERY BREATH YOU TAKE,2
SOLAR,2
MOONLIGHT MILE,2
PRECIOUS GIFTS,2
HOTEL ON THE CORNER OF BITTER AND SWEET,2
NORA WEBSTER,2
THE KILL LIST,2
VARINA,2
SURVIVORS,2
THE HUSBAND LIST,2
THE STARS ARE FIRE,2
ALL DRESSED IN WHITE,2
CHASING DARKNESS,2
ZERO K,2
MANGROVE LIGHTNING,2
A STEP OF FAITH,2
THE MISTLETOE SECRET,2
DEATH WEARS A BEAUTY MASK AND OTHER STORIES,2
BY ITS COVER,2
BEFORE I GO TO SLEEP,2
THE JOB,2
A DANGEROUS PLACE,2
NAKED HEAT,2
THE THIRST,2
ALTERNATE SIDE,2
THE AWARD,2
THE MONOGRAM MURDERS,2
ALTAR OF EDEN,2
SOUTHERN LIGHTS,2
CITY ON FIRE,2
LIVE TO TELL,2
THE NOEL DIARY,2
THE ISLAND,2
MAGPIE MURDERS,2
A GOOD WOMAN,2
SEVERE CLEAR,2
RAISING STEAM,2
THE YEAR OF THE FLOOD,2
THE FIREMAN,2
BACKLASH,2
THE OLD REPUBLIC: FATAL ALLIANCE,2
ECLIPSE,2
THE SIGN,2
SWEET TALK,2
THE PIANO TEACHER,2
BLOODFIRE QUEST,2
THE STEEL WAVE,2
WHAT DOESN'T KILL YOU,2
MINI SHOPAHOLIC,2
LEAVING BERLIN,2
ANY OTHER NAME,2
NW,2
GODDESS OF VENGEANCE,2
ALL WE EVER WANTED,2
AFFLICTION,2
DEATH AND HONOR,2
THE HIGHWAY,2
WARLORD,2
THE AUSCHWITZ ESCAPE,2
NAKED GREED,2
LAVENDER MORNING,2
AMERICA AMERICA,2
DEATH ANGEL,2
THE OVERSTORY,2
CATALYST,2
THE LEFTOVERS,2
THE PURSUIT,2
GIDEON’S SWORD,2
THE WAY OF KINGS,2
RULES FOR A KNIGHT,2
CALL ME IRRESISTIBLE,2
STAR WARS: BLOODLINE,2
NIGHT ROAD,2
HELL GATE,2
THE PHARAOH'S SECRET,2
RUNNING HOT,2
IN THE MIDST OF WINTER,2
DAMAGE CONTROL,2
THE SCOTTISH PRISONER,2
THE MAGICIANS,2
THE AGE OF MIRACLES,2
BADLANDS,2
PURSUIT,2
PAST PERFECT,2
THE PHARAOH KEY,2
BULLET,2
BLEEDING EDGE,2
DEVOTED IN DEATH,2
NIGHT MOVES,2
THE HOUSE I LOVED,2
PEGASUS,2
THE KEPT WOMAN,2
ABYSS,2
JUST ONE EVIL ACT,2
MERRY AND BRIGHT,2
WOLF IN WHITE VAN,2
ALLIES,2
BEREN AND LÚTHIEN,2
THE ACCIDENTAL EMPRESS,2
BRIGHT SHINY MORNING,2
LOVE LETTERS,2
DARTH PLAGUEIS,2
WINNERS,2
THE WHITE PRINCESS,2
THE NEIGHBOR,2
AVENUE OF MYSTERIES,2
CALIFORNIA,2
THE BURNING WIRE,2
SWEET TOMORROWS,2
DEAD HEAT,2
SECRETS OF EDEN,2
DAMAGED,2
FAITHFUL PLACE,2
BASKETBALL JONES,2
THE BREAKDOWN,2
HIT LIST,2
THE SECRET LIFE OF DAMIAN SPINELLI,2
DAMAGE,2
VEIL OF NIGHT,2
BARKSKINS,2
A TRICK OF THE LIGHT,2
WINTER STORMS,2
FRANKENSTEIN: LOST SOULS,2
"LOVE, DISHONOR, MARRY, DIE, CHERISH, PERISH",2
BONNIE,2
CHINA DOLLS,2
THE LONG WAY HOME,2
JUDGMENT CALL,2
SILENCE FALLEN,2
FIRE TOUCHED,2
CURSED,2
THE POWER TRIP,2
BURNING LAMP,2
A STRANGER IN THE HOUSE,2
ENIGMA,2
THE MAGICIAN KING,2
THE UNDEAD POOL,2
DEADLY HEAT,2
THE LINCOLN MYTH,2
EVERYONE BRAVE IS FORGIVEN,2
DARK SUMMER,2
BAD MOON RISING,2
PROMISE ME,2
PAINTED LADIES,2
THE SLEEPING BEAUTY KILLER,2
THE BANDS OF MOURNING,2
ROBERT B. PARKER’S DAMNED IF YOU DO,2
ROUGH JUSTICE,2
"WHERE'D YOU GO, BERNADETTE",2
THE SILENT GIRL,2
THE BODIES LEFT BEHIND,2
DREAMFEVER,2
THE LAST WITNESS,2
SWINE NOT?,2
HOTHOUSE ORCHID,2
BONES ARE FOREVER,2
A RISING THUNDER,2
THE CHANCE,2
MOTIVE,2
CONVICTION,2
SILENCING EVE,1
SKINNYDIPPING,1
HELL'S FOUNDATIONS QUIVER,1
KILLER LOOK,1
FRACTURED,1
THE FIXER UPPER,1
WITCH WRAITH,1
DEAD ZERO,1
TANGLE OF NEED,1
RED VELVET CUPCAKE MURDER,1
THE OTHER SIDE OF SILENCE,1
THE BLOOD GOSPEL,1
TOP SECRET,1
ANOTHER BROOKLYN,1
A SUNLESS SEA,1
THE LAST TIME I LIED,1
HER DAUGHTER'S DREAM,1
D.C. DEAD,1
THE SUPREME MACARONI COMPANY,1
CLOSE YOUR EYES,1
THE MAPPING OF LOVE AND DEATH,1
TRUST NO ONE,1
FIRST LORD’S FURY,1
GUILTY MINDS,1
SIRACUSA,1
PARIS FOR ONE AND OTHER STORIES,1
THE SPELLMANS STRIKE AGAIN,1
THE LITTLE RED CHAIRS,1
DEAD ICE,1
MAYA'S NOTEBOOK,1
THE PRIEST'S GRAVEYARD,1
HER MOTHER'S HOPE,1
TEMPTING FATE,1
THE MYSTERY WOMAN,1
NO LESS THAN VICTORY,1
DESERT GOD,1
NOT MY DAUGHTER,1
SOMEONE,1
ONE OF OUR THURSDAYS IS MISSING,1
DEATH’S EXCELLENT VACATION,1
MIDST TOIL AND TRIBULATION,1
TO TRY MEN'S SOULS,1
YOU SHOULD HAVE KNOWN,1
THE CAIRO AFFAIR,1
MR. MIRACLE,1
DEADLY STAKES,1
MOVING TARGET,1
LIVE TO SEE TOMORROW,1
DARK OF NIGHT,1
HOLY COW,1
GAUNTLGRYM,1
DEADLY ASSETS,1
THE MURDER OF MARY RUSSELL,1
THE BOURNE IMPERATIVE,1
THE HIGH KING OF MONTIVAL,1
AGENT IN PLACE,1
THE FIXER,1
FALLING IN LOVE,1
AS CHIMNEY SWEEPERS COME TO DUST,1
THE OCTOBER LIST,1
THE LAST PAINTING OF SARA DE VOS,1
BLINDMAN'S BLUFF,1
THE KREMLIN'S CANDIDATE,1
NOIR,1
RECONSTRUCTING AMELIA,1
LIFE DEBT: AFTERMATH,1
ELEGY FOR EDDIE,1
SECONDHAND SOULS,1
MISSION OF HONOR,1
TWILIGHT’S DAWN,1
THRICE THE BRINDED CAT HATH MEW'D,1
DARK LEGACY,1
THE TEMPLAR SALVATION,1
IN PARADISE,1
THE BURNING GIRL,1
AT THE EDGE OF THE ORCHARD,1
THE ASSASSINATION OF MARGARET THATCHER,1
FIFTEEN MINUTES,1
EARTH UNAWARE,1
DOWNFALL,1
"THE WALKING DEAD, RISE OF THE GOVERNOR",1
TO THE MOON AND BACK,1
DOING HARD TIME,1
THE CHRISTMAS LIST,1
SATURN RUN,1
OMEN,1
MAESTRA,1
BANANA CREAM PIE MURDER,1
SON OF NO ONE,1
THE KING'S CURSE,1
KENOBI,1
WILLIAM SHAKESPEARE'S THE JEDI DOTH RETURN,1
WAKING THE WITCH,1
TWO NIGHTS,1
RULES OF VENGEANCE,1
UNDONE,1
THE FORGOTTEN ROAD,1
"SOMEDAY, SOMEDAY, MAYBE",1
SULFUR SPRINGS,1
CRUNCH TIME,1
MIDNIGHT CROSSROAD,1
A PLACE FOR US,1
EVIL AT HEART,1
BEASTLY THINGS,1
CHASING SUNSETS,1
ALL THE OLD KNIVES,1
ONE YEAR AFTER,1
THE LADY OF THE RIVERS,1
THE KRAKEN PROJECT,1
WAIT FOR SIGNS,1
CINNAMON ROLL MURDER,1
WHO ASKED YOU?,1
DEVIL'S BRIDGE,1
HOW TO WALK AWAY,1
COVERT WARRIORS,1
ROADSIDE CROSSES,1
WHILE MY SISTER SLEEPS,1
WITHOUT WARNING,1
AMONG THE MAD,1
DANCE OF THE BONES,1
DREAMING SPIES,1
MY STRUGGLE: BOOK FOUR,1
BACK OF BEYOND,1
ANOTHER PIECE OF MY HEART,1
THE SHADOWS,1
BATTLEFRONT II: INFERNO SQUAD,1
BLOOD FURY,1
SHADOW OF FREEDOM,1
SWEETHEART,1
FOOL'S ASSASSIN,1
BETRAYED,1
WATCH ME DISAPPEAR,1
BLOOD INFERNAL,1
SWEET SALT AIR,1
NO CHOICE BUT SEDUCTION,1
THE SKULL THRONE,1
THE SHAPE OF WATER,1
THE HIGH DRUID'S BLADE,1
PRAYERS FOR SALE,1
UNSEEN,1
THE HARDER THEY COME,1
XO,1
BONES OF THE LOST,1
SHOPAHOLIC TO THE STARS,1
GRACE,1
LET ME BE FRANK WITH YOU,1
DICTATOR,1
LAST BUS TO WISDOM,1
ROBERT B. PARKER'S WONDERLAND,1
STORM FROM THE SHADOWS,1
ROBOPOCALYPSE,1
PARIS MATCH,1
NEW YORK,1
THE COVE,1
DARK LYCAN,1
BURN BRIGHT,1
THE ALLOY OF LAW,1
LOTHAIRE,1
THE SPIRE,1
HOTSHOT,1
BEFORE THE STORM,1
APPLE TURNOVER MURDER,1
THE HYPNOTIST,1
THE GOD OF THE HIVE,1
THE BRIDGE,1
DARK BLOOD,1
THE MIME ORDER,1
MIDNIGHT SUN,1
TEMPTATION AND SURRENDER,1
ROBERT B. PARKER'S CHEAP SHOT,1
THE ASSASSINATION OPTION,1
TRICKSTER'S POINT,1
DEADLOCK,1
SUPREME JUSTICE,1
SOUTHERN COMFORT,1
THE LOST ART OF GRATITUDE,1
THE LAST SURGEON,1
THE WATERS OF ETERNAL YOUTH,1
THE PAGAN LORD,1
COLD BETRAYAL,1
RATHER BE THE DEVIL,1
VANISHED,1
1356,1
AGAINST ALL THINGS ENDING,1
SHADOWS OF SELF,1
THE PERIPHERAL,1
PAUL OF DUNE,1
ROCK WITH WINGS,1
SLEEP NO MORE,1
THE COMFORTS OF A MUDDY SATURDAY,1
THE MOTHERS,1
THE SKAAR INVASION,1
A CONJURING OF LIGHT,1
THE TROUBLED MAN,1
NIGHT OF THE HUNTER,1
CELL,1
SPRING FEVER,1
WITHOUT MERCY,1
BORDERLINE,1
THE LONG EARTH,1
CURE,1
THE LAKE HOUSE,1
BARELY LEGAL,1
MY STRUGGLE: BOOK 5,1
EDGE,1
THE FALL,1
FALLING,1
THE SECRET HISTORY OF TWIN PEAKS,1
THE ORPHAN MASTER’S SON,1
QUICKSILVER,1
RICH PEOPLE PROBLEMS,1
FAST TRACK,1
SHALADOR’S LADY,1
I ALMOST FORGOT ABOUT YOU,1
TAPESTRY OF FORTUNES,1
REDEMPTION ROAD,1
"IN A DARK, DARK WOOD",1
CHASING MIDNIGHT,1
POSSESSION,1
CRIMSON DEATH,1
ROBERT B. PARKER'S KICKBACK,1
DARK PROMISES,1
THE UNSEEN ACADEMICALS,1
SHADOW WOMAN,1
MACBETH,1
THE BLOOD MIRROR,1
THE ATHENA PROJECT,1
THE CHOSEN,1
STRANGE WEATHER,1
THE WESTERN STAR,1
SISI,1
BROKEN,1
A HOLOGRAM FOR THE KING,1
COLD WIND,1
DOG SONGS,1
THE LANGUAGE OF FLOWERS,1
NO FORTUNATE SON,1
THE SECOND LIFE OF NICK MASON,1
TRAIL OF THE SPELLMANS: DOCUMENT #5,1
DEVIL'S FOOD CAKE MURDER,1
BLACKBERRY PIE MURDER,1
ROBERT B. PARKER'S LITTLE WHITE LIES,1
ONCE A RUNNER,1
THE STRAIN,1
BEING ELIZABETH,1
THE GUESTS ON SOUTH BATTERY,1
THE LOST QUILTER,1
SECRETS OF THE TULIP SISTERS,1
THE LAW OF NINES,1
BLOOD'S A ROVER,1
ARTHAS,1
DEATH ON THE D-LIST,1
THE EMPEROR’S TOMB,1
IRON HOUSE,1
A MAN WITHOUT BREATH,1
STARRY NIGHT,1
WRECKED,1
BEACH HOUSE REUNION,1
COVERT GAME,1
MANITOU CANYON,1
POWER GAME,1
DEVIL'S CUT,1
SONOMA ROSE,1
WINTER SOLSTICE,1
DEATH TROOPERS,1
THE PAINTED QUEEN,1
SONGS OF WILLOW FROST,1
MILES TO GO,1
THE 19TH WIFE,1
THE JUDAS GATE,1
FEVERSONG,1
MAKE SOMETHING UP,1
4 3 2 1,1
IN THE NAME OF HONOR,1
DESTROYER ANGEL,1
THE LOST KEY,1
SUSPICION,1
DRIVING HEAT,1
THE PERFECT CHRISTMAS,1
JULIET,1
DRAGONMARK,1
SANTA FE EDGE,1
THE LAST CHILD,1
AFTER DEAD,1
HEARTLESS,1
THE THIRD TARGET,1
WARHEART,1
IN TOO DEEP,1
THE SIXTH DAY,1
THE NIGHT ETERNAL,1
THE FIRE,1
THE SOUND OF BROKEN GLASS,1
THIS WAS A MAN,1
THE WANTED,1
EXECUTION DOCK,1
PLEASE LOOK AFTER MOM,1
GUNMETAL GRAY,1
EARLY WARNING,1
FOOL'S QUEST,1
THE ANGELS' SHARE,1
LETHAL LEGACY,1
A DOG’S JOURNEY,1
MIDNIGHT AND THE MEANING OF LOVE,1
SCARLET NIGHTS,1
NO MARK UPON HER,1
THE WITCH WITH NO NAME,1
THE SHADOW PATROL,1
BORN OF SILENCE,1
EVEN MONEY,1
THE TEHRAN INITIATIVE,1
BRING ME BACK,1
UNBOUND,1
THE WOLVES OF MIDWINTER,1
SOLITUDE CREEK,1
SHOTS FIRED,1
THE JAPANESE LOVER,1
THE HIGHWAYMAN,1
BY HERESIES DISTRESSED,1
HEROES OF THE FRONTIER,1
TERMINAL CITY,1
PRINCEPS’ FURY,1
BROKEN TRUST,1
THE UNCOMMON APPEAL OF CLOUDS,1
PIRATE KING,1
THE TEARS OF THE SUN,1
THE FAVORITE SISTER,1
SEVERED SOULS,1
THE SPIES OF WARSAW,1
FIRED UP,1
GUARDIAN OF LIES,1
THE WHISPERING ROOM,1
ENDER IN EXILE,1
RAPTURE,1
THE TRAFFICKERS,1
DARK GHOST,1
THE GOLDEN EGG,1
WINDIGO ISLAND,1
THE LAST THRESHOLD,1
BLUE-EYED DEVIL,1
MRS. LINCOLN'S RIVAL,1
STAR WARS: LAST SHOT,1
INTO THE WOODS,1
CREAM PUFF MURDER,1
CAVE OF BONES,1
SECOND WATCH,1
THE BIG CAT NAP,1
THE GHOST KING,1
BEAUTIFUL SACRIFICE,1
BEHIND HER EYES,1
MEDDLING KIDS,1
YOU WILL PAY,1
AN OBVIOUS FACT,1
ZONE ONE,1
MISS JULIA'S MARVELOUS MAKEOVER,1
THE RETURNED,1
THE WOLVES,1
WIRED,1
TO DIE BUT ONCE,1
BORN OF SHADOWS,1
ESCAPE,1
MAJOR PETTIGREW’S LAST STAND,1
IF YOU WERE HERE,1
THE ROSIE EFFECT,1
THE 9TH GIRL,1
THE FALL OF ARTHUR,1
PRUSSIAN BLUE,1
CHRISTMAS CARAMEL MURDER,1
BRIMSTONE,1
THE BROKEN ROAD,1
FROSTBITTEN,1
WARDS OF FAERIE,1
TO DWELL IN DARKNESS,1
NEED TO KNOW,1
DREAM EYES,1
THE GRAVE'S A FINE AND PRIVATE PLACE,1
IN SUNLIGHT AND IN SHADOW,1
TWIN PEAKS: THE FINAL DOSSIER,1
THE BEAST,1
CARIBBEAN RIM,1
ONE SECOND AFTER,1
THE HOUSE OF UNEXPECTED SISTERS,1
DEAR LIFE,1
DRAGONSWORN,1
DON'T LOOK TWICE,1
THE HUSH,1
BRIEF CASES,1
ROBERT B. PARKER'S DEBT TO PAY,1
THE SUPREMES AT EARL'S ALL-YOU-CAN-EAT,1
SPEAKING FROM AMONG THE BONES,1
THE PARTICULAR SADNESS OF LEMON CAKE,1
KISS OF SNOW,1
THE WINDS OF DUNE,1
THE LAUGHTER OF DEAD KINGS,1
VINEGAR GIRL,1
PINEAPPLE GRENADE,1
THE HUNTER,1
THE PRISONER OF HEAVEN,1
CAPTAIN VORPATRIL'S ALLIANCE,1
FAMILY TREE,1
MILLENNIUM FALCON,1
BARK,1
ELECTRIC BARRACUDA,1
A BRUSH OF WINGS,1
TAMARACK COUNTY,1
RIDES A DREAD LEGION,1
PERFIDIA,1
THE CITY,1
LITTLE GREEN,1
A PLAGUE OF SECRETS,1
MAGIC BREAKS,1
PREY,1
ICED,1
THE RAIN IN PORTUGAL,1
DIVINE MISDEMEANORS,1
THE OLD REPUBLIC: REVAN,1
THE COUPLE NEXT DOOR,1
IRON GOLD,1
SISTERLAND,1
BONE DEEP,1
CHASING THE NIGHT,1
THE ACCIDENT,1
A SECRET AFFAIR,1
TRADER OF SECRETS,1
SLADE HOUSE,1
THE UNION QUILTERS,1
A RED HERRING WITHOUT MUSTARD,1
BURNT MOUNTAIN,1
FALLEN,1
BLACKVEIL,1
BONE BOX,1
A SHIVER OF LIGHT,1
MODERN LOVERS,1
GOLD,1
THE ACCURSED,1
DORCHESTER TERRACE,1
THE GREAT ESCAPE,1
THE LOST FLEET. BEYOND THE FRONTIER: DREADNAUGHT,1
THE KREMLIN CONSPIRACY,1
INTO THE FIRE,1
COP TOWN,1
SAVE THE DATE,1
FOUNDERS,1
RASPBERRY DANISH MURDER,1
THE GIVING QUILT,1
BREAKING THE RULES,1
NIGHT WATCH,1
WIND/PINBALL,1
STAR WARS: PHASMA,1
DOG ON IT,1
ORDER 66,1
THE BURIAL HOUR,1
UNIVERSAL HARVESTER,1
BORN OF VENGEANCE,1
A MANUAL FOR CLEANING WOMEN,1
THE NIGHT RANGER,1
THE PARIS SPY,1
THE DREAM LOVER,1
LEFT FOR DEAD,1
THE PRISONER,1
HUNTING EVE,1
INDECENT EXPOSURE,1
IMPERFECT BIRDS,1
THE DEATH TRADE,1
LOVE STORY,1
SAINTS OF THE SHADOW BIBLE,1
ASSASSIN'S FATE,1
GRAVE SECRET,1
CAT OF THE CENTURY,1
WEDDING CAKE MURDER,1
THE RISE AND FALL OF D. O. D. O.,1
A FISTFUL OF COLLARS,1
THE SWORD OF THE LADY,1
GARMENT OF SHADOWS,1
BEACH HOUSE FOR RENT,1
IMPERIAL BEDROOMS,1
SWEET VALLEY CONFIDENTIAL,1
TREASURE HUNT,1
TWELVE DAYS OF CHRISTMAS,1
UNDEAD AND UNFINISHED,1
IT DEVOURS!,1
SUPREME COURTSHIP,1
THE WOMAN UPSTAIRS,1
HUNTING SHADOWS,1
MAMA DEAREST,1
MAYBE THIS TIME,1
THE LEGEND OF SIGURD AND GUDRUN,1
ROBERT LUDLUM’S THE JANSON COMMAND,1
DOUBLE DEXTER,1
PRETTY GIRLS,1
MONDAY MORNINGS,1
MAGIC SHIFTS,1
TIME UNTIME,1
FOREIGN AFFAIRS,1
HAUSFRAU,1
THE SECRET CHORD,1
SILENT NIGHT,1
DRAGONBANE,1
THE OPHELIA CUT,1
THIRTEEN,1
LIONHEART,1
"THE FALL OF THE GOVERNOR, PART 1",1
ALL THE STARS IN THE HEAVENS,1
THE PRAGUE CEMETERY,1
THE REVEREND’S WIFE,1
THE PARIS VENDETTA,1
BLOOD TIES,1
RIVER ROAD,1
CAVENDON HALL,1
LUCKY US,1
DEADFALL,1
THE BROKEN EYE,1
THE LAST TUDOR,1
MAP OF THE HEART,1
KILLER VIEW,1
HUSH HUSH,1
HARDBALL,1
A PRINCESS OF LANDOVER,1
A SUDDEN LIGHT,1
REMAINS OF INNOCENCE,1
WARRIORS,1
TELL-ALL,1
DARK STORM,1
A LESSON IN SECRETS,1
COPPER BEACH,1
HOW FIRM A FOUNDATION,1
LOVE AND RUIN,1
THE ANCIENT MINSTREL,1
THE GOLDEN HOUSE,1
THEN SHE WAS GONE,1
THE MINOR ADJUSTMENT BEAUTY SALON,1
HANGMAN,1
EVERYTHING TO LOSE,1
HOMEGOING,1
THE CARE AND MANAGEMENT OF LIES,1
THE APPLE ORCHARD,1
THOUGH NOT DEAD,1
THE JEALOUS KIND,1
BRIDGE TO HAVEN,1
BEAUTY'S KINGDOM,1
"LOVERS AT THE CHAMELEON CLUB , PARIS 1932",1
BONEMAN'S DAUGHTERS,1
LORD OF MOUNTAINS,1
ETCHED IN BONE,1
DANGEROUS,1
THE SCARLET GOSPELS,1
THE NIGHT THE LIGHTS WENT OUT,1
US AGAINST YOU,1
HEROES ARE MY WEAKNESS,1
RIPPER,1
DECEIVED,1
"JULIET, NAKED",1
DISHONORABLE INTENTIONS,1
ROBERT B. PARKER'S BLIND SPOT,1
FALLOUT,1
PROOF OF LIFE,1
SMOOTH OPERATOR,1
TIGER'S CLAW,1
SWEET TOOTH,1
EARTHLY REMAINS,1
DOWN A DARK ROAD,1
THE FROZEN HOURS,1
DOOMED,1
QUINN,1
ICE,1
AT THE SIGN OF TRIUMPH,1
SMOOTH TALKING STRANGER,1
ROBERT B. PARKER'S THE DEVIL WINS,1
RESURRECTING MIDNIGHT,1
THE RULE OF NINE,1
DELICIOUS!,1
THE BLINDING KNIFE,1
THE SLEEPWALKER,1
DARKER AFTER MIDNIGHT,1
DAYS OF GOLD,1
SILENT THUNDER,1
QUEEN OF THE NIGHT,1
THOSE IN PERIL,1
THE KILL SWITCH,1
THE DEAD IN THEIR VAULTED ARCHES,1
IN THIS MOMENT,1
THE SEVENTH PLAGUE,1
DIE AGAIN,1
ALL THAT IS,1
THE GOLEM OF HOLLYWOOD,1
A CHANGE IN ALTITUDE,1
THE LAST DARK,1
A WALLFLOWER CHRISTMAS,1
BURNED,1
A GATHERING OF SHADOWS,1
SPYMASTER,1
SILENT MERCY,1
FROZEN HEAT,1
HOME SAFE,1
PERFECT FIFTHS,1
TAKING EVE,1
THE ALOHA QUILT,1
RAIN ON THE DEAD,1
MALICE,1
INTO THE DREAMING,1
DEATH'S MISTRESS,1
SEDUCING AN ANGEL,1
THE WATER KNIFE,1
FUTURE HOME OF THE LIVING GOD,1
THE GIRLS OF AUGUST,1
FATAL,1
THE GIRL WHO CHASED THE MOON,1
THIS BOOK IS FULL OF SPIDERS,1
GYPPED,1
DARK WOLF,1
THE NARROW ROAD TO THE DEEP NORTH,1
SPIES OF THE BALKANS,1
A HERO OF FRANCE,1
THE YELLOW BIRDS,1
LANDLINE,1
GATOR A-GO-GO,1
DOUBLE FUDGE BROWNIE MURDER,1
"THE FALL OF THE GOVERNOR, PART 2",1
DAY SHIFT,1
CALL ME MRS. MIRACLE,1
FEVERBORN,1
DOWN THE DARKEST ROAD,1
THE WOMAN WHO WALKED IN SUNSHINE,1
A DEVIL IS WAITING,1
EVEN DOGS IN THE WILD,1
THE TEMPTATION OF FORGIVENESS,1
SEATING ARRANGEMENTS,1
RING OF FIRE,1
ANGEL TIME,1
INTERVENTION,1
THE WEDDING QUILT,1
ISTANBUL PASSAGE,1
STANDING IN ANOTHER MAN'S GRAVE,1
HALO: SILENTIUM,1
I KNOW A SECRET,1
THE PROMISE,1
DUNE ROAD,1
HAVEN,1
LIKE A MIGHTY ARMY,1
GOLDEN SON,1
GARDEN OF LIES,1
SHADOWS IN FLIGHT,1
DARK CAROUSEL,1
JAINA PROUDMOORE: TIDES OF WAR,1
BLUE HORSES,1
MIDNIGHT AT MARBLE ARCH,1
TURBULENCE,1
BODY WORK,1
THE LONG FALL,1
MEN WITHOUT WOMEN,1
PRECIOUS AND GRACE,1
BLOOD GAME,1
A SERPENT'S TOOTH,1
PALACE OF TREASON,1
MAN OVERBOARD,1
THE POWER,1
AN IRISH COUNTRY WEDDING,1
THE REDEEMER,1
TATIANA,1
THE HEART GOES LAST,1
ADJUSTMENT DAY,1
FULL WOLF MOON,1
CLAWBACK,1
CONFESSIONS OF A WILD CHILD,1
THE LADY FROM ZAGREB,1
QUICK & DIRTY,1
THE BRIDE COLLECTOR,1
A SECRET KEPT,1
UNDEAD AND UNWELCOME,1
REDSHIRTS,1
BETRAYAL OF TRUST,1
A RIVER IN THE SKY,1
SPIDER WOMAN'S DAUGHTER,1
A MIGHTY FORTRESS,1
OTHERWISE ENGAGED,1
THE BLACK CAT,1
RAGING HEAT,1
THE LANGUAGE OF BEES,1
STAR WARS: FROM A CERTAIN POINT OF VIEW,1
DEATH ECHO,1
BORN TO DARKNESS,1
CRYSTAL GARDENS,1
ROGUES,1
DESCENT,1
THE BOURBON KINGS,1
THE PEACH KEEPER,1
PROOF OF GUILT,1
YOU DON’T WANT TO KNOW,1
THE AVIATOR'S WIFE,1
SONG OF THE LION,1
THE DRY,0
A LITTLE LIFE,0
THE SINGLES GAME,0
THE SURRENDERED,0
OATH OF OFFICE,0
STORM CYCLE,0
WINTER STROLL,0
COMPOUND FRACTURES,0
ROBERT B. PARKER'S IRONHORSE,0
THE FLAME BEARER,0
THE WAR AFTER ARMAGEDDON,0
HISS OF DEATH,0
MEN OF THE OTHERWORLD,0
ALL THE LITTLE LIARS,0
SUTTON,0
SOMERSET,0
"CLOSE YOUR EYES, HOLD HANDS",0
THE APPEAL,0
MENTATS OF DUNE,0
SHADOW PLAY,0
RED SPARROW,0
A DOUBTER'S ALMANAC,0
MING TEA MURDER,0
NUCLEAR JELLYFISH,0
THE LAUGHING MONSTERS,0
DICK FRANCIS'S GAMBLE,0
15 SECONDS,0
SEDUCED,0
THE COOKBOOK COLLECTOR,0
KNIT THE SEASON,0
PLUM PUDDING MURDER,0
AS THE CROW FLIES,0
THE DISTANT HOURS,0
AND ANOTHER THING...,0
THE LAST VICTIM,0
DROOD,0
TRIGGER MORTIS,0
DANGEROUS WOMEN,0
HAG-SEED,0
RESTLESS IN THE GRAVE,0
THE TEMPTATION OF THE NIGHT JASMINE,0
FAULT LINE,0
ALL YOU COULD ASK FOR,0
EVERYBODY RISE,0
THE HIGH MOUNTAINS OF PORTUGAL,0
EMBASSYTOWN,0
THE LAST KISS GOODBYE,0
A DOG'S PURPOSE,0
CRUCIBLE,0
EARTH AWAKENS,0
MURDER 101,0
BLOODMONEY,0
BLUEPRINTS,0
LOOKING FOR ME,0
ONE LAST THING BEFORE I GO,0
ARCHMAGE,0
SIGHT UNSEEN,0
BLUE SMOKE AND MURDER,0
CRYOBURN,0
GREEN,0
SHADOW ZONE,0
THE SCENT OF RAIN AND LIGHTNING,0
GLORY OVER EVERYTHING,0
A MCKETTRICK CHRISTMAS,0
RESCUE,0
MISS JULIA RENEWS HER VOWS,0
I AM HALF-SICK OF SHADOWS,0
THE WINTER PEOPLE,0
TELL ME,0
VERTIGO 42,0
THE SELECTED WORKS OF T.S. SPIVET,0
BLIND JUSTICE,0
MISS JULIA LAYS DOWN THE LAW,0
TREASON AT LISSON GROVE,0
KITCHENS OF THE GREAT MIDWEST,0
MRS. GRANT AND MADAME JULE,0
THE STORY OF GOD AND ALL OF US,0
DEVIL'S BROOD,0
WISHIN' AND HOPIN',0
ROBERT B. PARKER'S BULL RIVER,0
STAR WARS: LORDS OF THE SITH,0
BLOOD AND BEAUTY,0
SHIFTING SHADOWS,0
DARK SKYE,0
THE INSIDER THREAT,0
OUT OF THE DARK,0
STAKED,0
MAGICIAN'S END,0
PHARAOH,0
EMMA,0
A TIME FOR PATRIOTS,0
MAGNIFICENT VIBRATION,0
AMONG THE TEN THOUSAND THINGS,0
FALLEN MASTERS,0
PREDATOR,0
THE EXPLORERS GUILD,0
LIBERTY,0
TIGER SHRIMP TANGO,0
MISS JULIA INHERITS A MESS,0
THE INFORMATIONIST,0
DO OR DIE,0
THE DAUGHTERS OF MARS,0
INDIANA JONES AND THE KINGDOM OF THE CRYSTAL SKULL,0
SANTA CLAWED,0
THE ISLAND HOUSE,0
FINE JUST THE WAY IT IS,0
CURTAIN OF DEATH,0
EXECUTIVE PRIVILEGE,0
A ROGUE OF MY OWN,0
AFTER THE STORM,0
RECKLESS,0
THE DEAD WILL TELL,0
AFTER ALICE,0
THE CROWNING GLORY OF CALLA LILY PONDER,0
LEFT NEGLECTED,0
THE STORY SISTERS,0
BORN OF FURY,0
CLOCKWORK ANGELS,0
THE ENCHANTRESS OF FLORENCE,0
LIFE SENTENCES,0
TEMPTED BY TROUBLE,0
HISS AND HERS,0
KNIT TWO,0
FOUNDATION,0
VORTEX,0
DARTH BANE,0
THE LAST LIE,0
DRAWING CONCLUSIONS,0
DEEP KISS OF WINTER,0
ANGELS WALKING,0
CUTTING FOR STONE,0
THE NOISE OF TIME,0
AN AMERICAN SPY,0
NAVIGATORS OF DUNE,0
EDGE OF DAWN,0
LONG DRIVE HOME,0
FIRST STAR I SEE TONIGHT,0
ROBERT B. PARKER'S SLOW BURN,0
MIRROR SIGHT,0
HALO: CRYPTUM,0
THE TOURIST,0
THE SANTANGELOS,0
HOUSE OF EARTH,0
REDOUBT,0
DRAGONS OF THE HOURGLASS MAGE,0
THE LAST TIME I SAW YOU,0
CAULDRON OF GHOSTS,0
STAR WARS: HEIR TO THE JEDI,0
THE CHILDREN'S CRUSADE,0
2312,0
AMERICAN HOUSEWIFE,0
"SURRENDER, NEW YORK",0
NETHERLAND,0
CRUCIBLE OF GOLD,0
DEATH ON BLACKHEATH,0
STAR WARS: X-WING: MERCY KILL,0
DEXTER IS DELICIOUS,0
MISS JULIA STIRS UP TROUBLE,0
SCOUNDRELS,0
THE QUILTER'S KITCHEN,0
MOBBED,0
MUHAMMAD,0
THE DAYLIGHT WAR,0
RESOLUTION,0
THE LAKE OF DREAMS,0
HEROES PROVED,0
DISSIDENT GARDENS,0
MY FATHER'S TEARS AND OTHER STORIES,0
THE GOLDEN CITY,0
KILL FOR ME,0
THE SPIRIT OF STEAMBOAT,0
YOUR NEXT BREATH,0
THE NIGHT SEASON,0
THAT PERFECT SOMEONE,0
RAINWATER,0
A THOUSAND SPLENDID SUNS,0
GHOSTMAN,0
THE GEOMETRY OF SISTERS,0
THE GIRL YOU LEFT BEHIND,0
THE HOT GATE,0
STILL MISSING,0
A RELIABLE WIFE,0
THE MINIATURIST,0
JUST BREATHE,0
DEVIOUS,0
THE POLARIS PROTOCOL,0
UNDERGROUND AIRLINES,0
A THOUSAND MORNINGS,0
QUEEN OF BABBLE GETS HITCHED,0
MR. AND MISS ANONYMOUS,0
UNACCUSTOMED EARTH,0
THE RISK AGENT,0
LETTER FROM A STRANGER,0
AMONG THE WICKED,0
LAKESHORE CHRISTMAS,0
A FOOL'S GOLD CHRISTMAS,0
MAGIC BINDS,0
THE GROWNUP,0
MARKED IN FLESH,0
THE TWELFTH INSIGHT,0
THE VALCOURT HEIRESS,0
BROOKLYN,0
FAMILY PICTURES,0
FORBIDDEN,0
THE SOUND AND THE FURRY,0
RED RISING,0
DARK BITES,0
A DARK MATTER,0
THE BONE LABYRINTH,0
GHOSTS OF WAR,0
THE SORCERER'S DAUGHTER,0
BITTERSWEET,0
WAR HAWK,0
STELLA BAIN,0
LOCK IN,0
BY SCHISM RENT ASUNDER,0
DEATH'S END,0
THE GARDEN OF LAST DAYS,0
THE BRIEF WONDROUS LIFE OF OSCAR WAO,0
DAY AFTER NIGHT,0
SWEET TEA REVENGE,0
VALLEY FORGE,0
BRUSH BACK,0
THE NOVEL HABITS OF HAPPINESS,0
AN O'BRIEN FAMILY CHRISTMAS,0
ORDINARY GRACE,0
THE REPUBLIC OF THIEVES,0
ME BEFORE YOU,0
THE INVASION OF THE TEARLING,0
IN HARM'S WAY,0
THE FINAL DAY,0
I SEE YOU EVERYWHERE,0
A LAWMAN'S CHRISTMAS,0
CAPITOL MURDER,0
DID YOU EVER HAVE A FAMILY,0
JERUSALEM,0
THE SCOURGE OF GOD,0
THE TRUTH ACCORDING TO US,0
NIGHT OF THUNDER,0
FAITHFUL,0
THE EXPATRIATES,0
THE KEEPER,0
A SUMMER AFFAIR,0
I'LL TAKE YOU THERE,0
SPELL BOUND,0
A CROWN IMPERILED,0
THE FORT,0
SECOND OPINION,0
PRUDENCE,0
MORIARTY,0
BOAR ISLAND,0
AGENDA 21: INTO THE SHADOWS,0
NO WAY BACK,0
RULES OF BETRAYAL,0
THE FOREVER GIRL,0
AGONY OF THE LEAVES,0
VISION IN SILVER,0
THE SHADOW QUEEN,0
NOWHERE TO RUN,0
RETURN TO SENDER,0
THE NIGHT STRANGERS,0
THE YONAHLOSSEE RIDING CAMP FOR GIRLS,0
EXECUTIVE INTENT,0
THE UNLIKELY PILGRIMAGE OF HAROLD FRY,0
DEATH OF YESTERDAY,0
PRAGUE FATALE,0
MY SUNSHINE AWAY,0
STAR WARS: DARK DISCIPLE,0
THE BRUTAL TELLING,0
DARK PRINCE,0
CORRUPTED,0
PATRIOT,0
NORTHWEST ANGLE,0
EVERYTHING I NEVER TOLD YOU,0
GENTLEMAN JOLE AND THE RED QUEEN,0
THE SNOW QUEEN,0
HIDE AWAY,0
AFTER I'M GONE,0
CRUEL INTENT,0
MACRIEVE,0
CHRISTMAS EVE AT FRIDAY HARBOR,0
